component,parameters,parameters_m
U-Net backbone,8985121,8.985121
Module A,2225076,2.225076
Module B,66561,0.066561
Module C,9956,0.009956
Module D,20518,0.020518
